{"train/loss": 0.5690466576069594, "learning_rate": 0.0005474829931972792, "momentum": 0.9, "_timestamp": 1653297513, "_runtime": 190, "_step": 300, "_wandb": {"runtime": 222}}